aggiornato,2026-09-30T12:36:21+00:00
cambi_bce,2026-09-29,USD=1.1355,DKK=7.4754,CHF=0.9461,GBP=0.85718
fase,rialzo,EUNL=128.715,max52=129.395,min52=107.195,dal_massimo%=-0.526,media200=119.2759,liquidita=2-8%
titolo,data,chiusura,precedente,var%,max52,min52,media50,media200,valuta
NVDA,2026-09-29,227.21,228.86,-0.721,235.74,165.17,216.9766,199.9099,USD
ISP,2026-09-30,6.702,6.753,-0.755,6.917,4.966,6.7267,6.0157,EUR
LLY,2026-09-29,1184.63,1184.78,-0.013,1280.34,763.0,1178.2796,1072.0611,USD
JPM,2026-09-29,334.98,336.59,-0.478,365.18,282.84,353.1758,321.5648,USD
MSFT,2026-09-29,508.96,509.22,-0.051,542.07,352.83,480.253,432.2989,USD
TTE,2026-09-30,76.11,78.1,-2.548,81.05,49.845,76.9724,71.4182,EUR
ASML,2026-09-30,1603.0,1601.2,0.112,1721.4,813.9,1490.272,1334.667,EUR
NOVO-B,2026-09-30,250.0,251.65,-0.656,401.35,228.5,292.533,296.0945,DKK
EUNL,2026-09-30,128.715,128.56,0.121,129.395,107.195,127.0946,119.2759,EUR
