aggiornato,2026-09-30T12:59:11+00:00
simbolo,data,chiusura,precedente,var%,max52,min52,media200,valuta
AAPL,2026-09-29,329.4,338.4,-2.66,341.07,245.27,288.3256,USD
MSFT,2026-09-29,508.96,509.22,-0.051,542.07,352.83,432.2989,USD
NVDA,2026-09-29,227.21,228.86,-0.721,235.74,165.17,199.9099,USD
AMZN,2026-09-29,246.67,246.15,0.211,284.02,198.79,241.0135,USD
GOOGL,2026-09-29,340.92,342.75,-0.534,402.62,236.57,338.4388,USD
META,2026-09-29,738.79,715.62,3.238,777.59,525.72,627.2088,USD
TSLA,2026-09-29,352.84,357.45,-1.29,489.88,298.32,394.6904,USD
AVGO,2026-09-29,355.1,349.57,1.582,481.57,293.41,367.7779,USD
BRK-B,2026-09-29,502.35,503.09,-0.147,529.42,465.4,492.7694,USD
JPM,2026-09-29,334.98,336.59,-0.478,365.18,282.84,321.5648,USD
V,2026-09-29,365.88,367.74,-0.506,384.14,295.52,337.2707,USD
MA,2026-09-29,563.58,568.26,-0.824,599.86,471.55,532.421,USD
LLY,2026-09-29,1184.63,1184.78,-0.013,1280.34,763.0,1072.0611,USD
UNH,2026-09-29,374.94,377.83,-0.765,436.35,259.02,355.9298,USD
XOM,2026-09-29,161.35,162.52,-0.72,171.47,110.64,148.4236,USD
JNJ,2026-09-29,267.57,271.95,-1.611,278.43,185.42,240.9887,USD
PG,2026-09-29,148.32,149.03,-0.476,167.2,138.04,147.6185,USD
HD,2026-09-29,288.04,289.89,-0.638,405.19,288.04,340.1764,USD
COST,2026-09-29,924.59,922.92,0.181,1094.3199,850.0,960.8378,USD
ABBV,2026-09-29,263.29,266.28,-1.123,266.28,197.38,230.9692,USD
MRK,2026-09-29,149.28,148.69,0.397,156.45,82.49,122.1874,USD
KO,2026-09-29,86.84,87.18,-0.39,91.99,66.1,79.7756,USD
PEP,2026-09-29,128.69,128.5,0.148,170.49,128.15,147.6221,USD
WMT,2026-09-29,106.8,108.73,-1.775,134.2,100.61,118.504,USD
BAC,2026-09-29,54.96,55.47,-0.919,64.81,46.72,55.318,USD
ORCL,2026-09-29,137.79,132.6,3.914,313.0,114.99,163.6688,USD
CRM,2026-09-29,225.31,227.27,-0.862,266.23,150.12,200.8963,USD
ADBE,2026-09-29,233.17,231.01,0.935,359.91,193.41,261.5676,USD
AMD,2026-09-29,607.57,607.87,-0.049,630.63,161.79,368.6155,USD
INTC,2026-09-29,115.93,116.03,-0.086,140.94,33.55,79.9552,USD
CSCO,2026-09-29,106.94,106.74,0.187,130.0,67.46,97.2526,USD
NFLX,2026-09-29,70.3,69.23,1.546,124.135,67.6,84.4633,USD
TMO,2026-09-29,679.61,678.6,0.149,679.61,438.34,541.3315,USD
ABT,2026-09-29,100.95,100.98,-0.03,134.59,82.56,104.4351,USD
DHR,2026-09-29,226.11,227.33,-0.537,242.05,161.91,201.8021,USD
PFE,2026-09-29,28.72,28.72,0.0,29.02,23.67,26.3676,USD
CVX,2026-09-29,204.38,206.37,-0.964,217.77,146.75,185.7981,USD
NKE,2026-09-29,35.84,36.39,-1.511,74.57,35.51,49.2088,USD
MCD,2026-09-29,233.98,233.6,0.163,341.06,233.6,291.0661,USD
DIS,2026-09-29,105.41,105.59,-0.17,116.65,92.42,103.9789,USD
QCOM,2026-09-29,184.1,187.48,-1.803,251.02,124.07,169.198,USD
TXN,2026-09-29,281.69,278.31,1.214,332.28,153.33,247.2262,USD
AMAT,2026-09-29,512.01,486.76,5.187,723.0,204.74,423.6994,USD
LRCX,2026-09-29,323.86,314.47,2.986,433.33,131.37,272.4536,USD
MU,2026-09-29,1065.08,1053.98,1.053,1213.5601,167.32,669.1128,USD
IBM,2026-09-29,219.99,220.67,-0.308,329.23,205.77,256.8023,USD
GS,2026-09-29,916.24,916.28,-0.004,1152.0699,744.6,959.6543,USD
MS,2026-09-29,192.76,193.64,-0.454,228.55,151.86,193.7281,USD
C,2026-09-29,130.8,131.31,-0.388,145.67,93.93,125.6275,USD
WFC,2026-09-29,80.48,80.81,-0.408,96.39,73.42,84.9357,USD
CAT,2026-09-29,826.64,819.95,0.816,1064.9,477.15,791.7485,USD
DE,2026-09-29,680.5,689.59,-1.318,709.48,439.11,584.9929,USD
HON,2026-09-29,210.13,211.52,-0.657,260.1364,197.3152,230.3153,USD
GE,2026-09-29,317.89,318.24,-0.11,381.22,273.25,323.6202,USD
RTX,2026-09-29,186.94,187.66,-0.384,225.49,157.0,194.8269,USD
LMT,2026-09-29,512.21,518.1,-1.137,676.7,439.19,562.4836,USD
UBER,2026-09-29,69.36,68.16,1.761,100.1,65.94,74.9729,USD
NOW,2026-09-29,129.94,131.45,-1.149,189.258,83.0,116.2304,USD
PANW,2026-09-29,388.41,392.09,-0.939,396.0,141.67,247.1958,USD
PLTR,2026-09-29,186.97,187.48,-0.272,207.18,107.27,152.0471,USD
ISRG,2026-09-29,412.18,414.79,-0.629,592.85,332.02,449.4625,USD
VRTX,2026-09-29,526.73,527.67,-0.178,557.96,391.64,472.7151,USD
AMGN,2026-09-29,423.64,418.13,1.318,444.12,282.2,363.186,USD
GILD,2026-09-29,151.28,152.21,-0.611,155.8,110.56,136.308,USD
BKNG,2026-09-29,162.34,163.87,-0.934,219.6844,154.13,183.4354,USD
SBUX,2026-09-29,95.43,95.27,0.168,108.55,78.46,98.6122,USD
LIN,2026-09-29,473.37,472.04,0.282,546.64,389.38,485.2915,USD
NEE,2026-09-29,75.89,75.49,0.53,97.88,75.49,87.4871,USD
UNP,2026-09-29,274.15,274.1,0.018,310.62,216.37,264.2357,USD
TSM,2026-09-29,456.94,452.88,0.896,477.57,275.06,384.6485,USD
ASML.AS,2026-09-30,1609.6,1601.2,0.525,1721.4,813.9,1334.7,EUR
SAP.DE,2026-09-30,183.92,185.32,-0.755,242.0,128.32,165.9827,EUR
SIE.DE,2026-09-30,278.9,282.0,-1.099,289.85,203.75,257.0095,EUR
ALV.DE,2026-09-30,416.4,422.8,-1.514,453.3,344.2,396.629,EUR
DTE.DE,2026-09-30,26.25,26.4,-0.568,34.09,23.85,28.6905,EUR
MUV2.DE,2026-09-30,502.8,507.6,-0.946,572.8,439.0,515.005,EUR
RHM.DE,2026-09-30,963.9,960.4,0.364,1986.0,946.6,1348.0775,EUR
IFX.DE,2026-09-30,60.09,59.3,1.332,88.0,31.695,55.3505,EUR
BAS.DE,2026-09-30,50.54,49.94,1.201,54.74,41.59,49.6193,EUR
BAYN.DE,2026-09-30,48.69,48.88,-0.389,53.36,26.055,42.8728,EUR
MBG.DE,2026-09-30,41.3,40.665,1.562,61.93,40.665,51.06,EUR
BMW.DE,2026-09-30,56.22,54.5,3.156,97.42,54.5,73.8692,EUR
AIR.PA,2026-09-30,191.66,190.48,0.619,220.2,159.18,189.6626,EUR
MC.PA,2026-09-30,394.35,394.6,-0.063,652.1,394.35,496.6082,EUR
OR.PA,2026-09-30,382.7,380.75,0.512,403.1,344.9,375.9618,EUR
RMS.PA,2026-09-30,1361.0,1352.5,0.628,2250.0,1331.5,1744.53,EUR
TTE.PA,2026-09-30,76.17,78.1,-2.471,81.05,49.845,71.4185,EUR
SAN.PA,2026-09-30,72.2,71.47,1.021,90.44,71.47,77.6008,EUR
SU.PA,2026-09-30,293.95,296.35,-0.81,311.0,222.3,266.5308,EUR
BNP.PA,2026-09-30,95.61,97.4,-1.838,112.8,65.34,94.7508,EUR
AI.PA,2026-09-30,170.38,168.88,0.888,180.3,141.5273,162.1248,EUR
SAF.PA,2026-09-30,337.5,335.1,0.716,363.6,265.2,316.8055,EUR
EL.PA,2026-09-30,147.2,144.6,1.798,320.7,139.0,196.44,EUR
CAP.PA,2026-09-30,103.45,103.5,-0.048,151.85,86.06,108.1773,EUR
NESN.SW,2026-09-30,76.39,76.26,0.17,86.17,71.85,79.0242,CHF
NOVN.SW,2026-09-30,120.5,120.92,-0.347,131.32,98.5,119.9615,CHF
ROG.SW,errore
UBSG.SW,2026-09-30,40.33,40.53,-0.493,45.0,29.08,37.466,CHF
ZURN.SW,2026-09-30,567.8,573.4,-0.977,624.4,529.6,575.258,CHF
NOVO-B.CO,2026-09-30,250.05,251.65,-0.636,401.35,228.5,296.0947,DKK
DSV.CO,2026-09-30,1179.0,1198.0,-1.586,1902.5,1179.0,1556.74,DKK
SHEL.L,2026-09-30,3560.0,3594.0,-0.946,3654.5,2562.0,3156.0625,GBp
AZN.L,2026-09-30,12278.0,12428.0,-1.207,15542.0,11182.0,13575.319,GBp
HSBA.L,2026-09-30,1505.0,1510.0,-0.331,1597.4,964.3,1365.01,GBp
ULVR.L,2026-09-30,4650.5,4615.5,0.758,5472.0,4078.0,4651.54,GBp
BP.L,2026-09-30,544.1,550.7,-1.198,606.3,410.45,514.3102,GBp
GSK.L,2026-09-30,1832.0,1856.0,-1.293,2268.0,1574.5,1953.4462,GBp
RIO.L,2026-09-30,7221.0,7072.0,2.107,8308.0,4873.0,7094.9803,GBp
ENEL.MI,2026-09-30,8.756,8.779,-0.262,10.28,8.066,9.5225,EUR
ENI.MI,2026-09-30,23.98,24.29,-1.276,24.885,14.7,21.4462,EUR
ISP.MI,2026-09-30,6.715,6.753,-0.563,6.917,4.966,6.0158,EUR
UCG.MI,2026-09-30,83.17,83.8,-0.752,86.15,59.63,74.6869,EUR
STLAM.MI,2026-09-30,3.985,3.9065,2.009,10.414,3.9065,6.218,EUR
G.MI,2026-09-30,42.95,43.51,-1.287,46.19,31.93,39.0011,EUR
RACE.MI,2026-09-30,349.45,352.05,-0.739,426.9,273.8,316.2493,EUR
STMMI.MI,2026-09-30,47.21,47.02,0.404,69.35,18.804,41.5984,EUR
PRY.MI,2026-09-30,126.4,124.8,1.282,156.9,80.8,118.998,EUR
TIT.MI,2026-09-30,6.88,6.855,0.365,8.139,4.453,6.8254,EUR
LDO.MI,2026-09-30,49.39,49.185,0.417,64.26,44.97,54.3182,EUR
MB.MI,2026-09-30,28.82,28.88,-0.208,29.05,15.385,22.1998,EUR
SRG.MI,2026-09-30,5.614,5.612,0.036,6.808,5.038,6.1211,EUR
TRN.MI,2026-09-30,9.24,9.194,0.5,10.385,8.534,9.7741,EUR
PST.MI,2026-09-30,24.98,25.08,-0.399,29.23,19.78,24.487,EUR
FBK.MI,2026-09-30,22.28,22.0,1.273,24.7,18.21,21.823,EUR
BMPS.MI,2026-09-30,11.866,11.916,-0.42,12.036,6.967,9.7397,EUR
BAMI.MI,2026-09-30,16.11,16.255,-0.892,17.18,11.245,13.9159,EUR
BPE.MI,2026-09-30,14.254,14.196,0.409,14.834,9.236,12.7182,EUR
A2A.MI,2026-09-30,2.265,2.252,0.577,2.724,2.202,2.3538,EUR
CPR.MI,2026-09-30,6.15,6.01,2.329,6.738,5.334,5.9068,EUR
MONC.MI,2026-09-30,44.78,44.5,0.629,58.56,43.25,51.2886,EUR
TEN.MI,2026-09-30,24.28,24.3,-0.082,27.69,14.705,23.3931,EUR
IBE.MC,2026-09-30,20.65,20.49,0.781,21.84,16.1,19.8831,EUR
SAN.MC,2026-09-30,12.454,12.51,-0.448,12.952,8.291,11.1193,EUR
ITX.MC,2026-09-30,54.24,53.28,1.802,59.1,46.54,54.5624,EUR
BBVA.MC,2026-09-30,25.1,25.18,-0.318,25.41,15.715,21.1863,EUR
INGA.AS,2026-09-30,31.615,31.725,-0.347,32.31,20.49,26.5768,EUR
PRX.AS,2026-09-30,35.59,36.06,-1.303,62.39,35.295,41.9955,EUR
ADYEN.AS,2026-09-30,875.0,870.0,0.575,1521.6,785.2,998.221,EUR
PHIA.AS,2026-09-30,21.62,21.73,-0.506,27.57,21.14,23.6778,EUR
HEIA.AS,2026-09-30,70.18,69.48,1.007,80.12,64.46,71.1346,EUR
ABI.BR,2026-09-30,65.64,65.4,0.367,75.2,50.12,65.9629,EUR
NOKIA.HE,2026-09-30,9.236,9.162,0.808,14.685,4.079,8.5917,EUR
ERIC-B.ST,2026-09-30,92.78,93.06,-0.301,127.35,77.84,102.4395,SEK
VOLV-B.ST,2026-09-30,328.1,324.1,1.234,371.5,247.4,327.485,SEK
EUNL.DE,2026-09-30,128.95,128.56,0.303,129.395,107.195,119.2771,EUR
SXR8.DE,2026-09-30,730.08,728.68,0.192,731.94,597.92,668.9772,EUR
IWDA.AS,2026-09-30,128.97,128.57,0.311,129.39,107.22,119.2825,EUR
